Report Written :   Monday, December 29, 2014  14:21
Project Path   :   \\internal.ecomp.com\ec-data\APAC\Hong Kong\HomeDrives\C5210333\UEVredirect\Desktop\NUCLEO-F030R8\NUCLEO-F411RE\NUCLEO-F411RE.prj
Design Path    :   \\internal.ecomp.com\ec-data\APAC\Hong Kong\HomeDrives\C5210333\UEVredirect\Desktop\NUCLEO-F030R8\NUCLEO-F411RE\NUCLEO.pcb
Design Title   :
Created        :   24/7/2014 10:31:11
Last Saved     :   29/12/2014 14:21:32
Editing Time   :   3451 min
Units          :   mil (precision 4)

Bill of Materials generated with DesignSpark PCB - www.DesignSpark.com/pcb
--------------------------------------------------------------------------


"Ref Name","Qty","Component","Value","Package","Manufacturer","MPN","RS Part Number","Other Part Number","Description"
"CN1","1","A-USB B-M5-SMD-C","","DSCV","ASSMANN WSW","A-USB B-M5-SMD-C","674-1369","","CN1"
"B1","1","B","","B","Apem","DTSMW69RV","378-6583","","B"
"B2","1","B","","B","Apem","DTSM644NV","378-6527","","B"
"C29","1","C0402/0603/0805","1uF_X5R_0603","0603","TDK","C1608X5R1C105K080AA","788-2890","",""
"C13","1","C0402/0603/0805","1uF_X5R_0603","0603","TDK","C1608X5R1C105K080AA","788-2890","",""
"C2","1","C0402/0603/0805","1uF_X5R_0603","0603","TDK","C1608X5R1C105K080AA","788-2890","",""
"C21","1","C0402/0603/0805","1uF_X5R_0603","0603","TDK","C1608X5R1C105K080AA","788-2890","",""
"C18","1","C0402/0603/0805","1uF_X5R_0603","0603","TDK","C1608X5R1C105K080AA","788-2890","",""
"C3","1","C0402/0603/0805","1uF_X5R_0603","0603","TDK","C1608X5R1C105K080AA","788-2890","",""
"C9","1","C0402/0603/0805","10nF_X7R_0603","0603","YAGEO","CC0603KRX7R9BB103","616-9537 (NOT SAME MANUFACTURER)","",""
"C31","1","C0402/0603/0805","10pF","0603","YAGEO","CC0603JRNPO9BN100","616-9054 (NOT SAME)","",""
"C32","1","C0402/0603/0805","10pF","0603","YAGEO","CC0603JRNPO9BN100","616-9054 (NOT SAME)","",""
"C8","1","C0402/0603/0805","20pF","0603","Kemet","C0603C200J5GACTU","801-5259","",""
"C34","1","C0402/0603/0805","20pF[N/A]","0603","Kemet","C0603C200J5GACTU","801-5259","",""
"C33","1","C0402/0603/0805","20pF[N/A]","0603","Kemet","C0603C200J5GACTU","801-5259","",""
"C10","1","C0402/0603/0805","20pF[N/A]","0603","Kemet","C0603C200J5GACTU","801-5259","",""
"C15","1","C0402/0603/0805","100nF","0603","YAGEO","CC0603KRX7R9BB104","669-8767","",""
"C14","1","C0402/0603/0805","100nF","0603","YAGEO","CC0603KRX7R9BB104","669-8767","",""
"C27","1","C0402/0603/0805","100nF","0603","YAGEO","CC0603KRX7R9BB104","669-8767","",""
"C24","1","C0402/0603/0805","100nF","0603","YAGEO","CC0603KRX7R9BB104","669-8767","",""
"C23","1","C0402/0603/0805","100nF","0603","YAGEO","CC0603KRX7R9BB104","669-8767","",""
"C28","1","C0402/0603/0805","100nF","0603","YAGEO","CC0603KRX7R9BB104","669-8767","",""
"C30","1","C0402/0603/0805","100nF","0603","YAGEO","CC0603KRX7R9BB104","669-8767","",""
"C12","1","C0402/0603/0805","100nF","0603","YAGEO","CC0603KRX7R9BB104","669-8767","",""
"C5","1","C0402/0603/0805","100nF","0603 100nF","YAGEO","CC0603KRX7R9BB104","669-8767","",""
"C4","1","C0402/0603/0805","100nF","0603","YAGEO","CC0603KRX7R9BB104","669-8767","",""
"C1","1","C0402/0603/0805","100nF","0603","YAGEO","CC0603KRX7R9BB104","669-8767","",""
"C11","1","C0402/0603/0805","100nF","0603","YAGEO","CC0603KRX7R9BB104","669-8767","",""
"C7","1","C0402/0603/0805","100nF","0603","YAGEO","CC0603KRX7R9BB104","669-8767","",""
"C19","1","C0402/0603/0805","100nF","0603","YAGEO","CC0603KRX7R9BB104","669-8767","",""
"C6","1","C0402/0603/0805","100nF","0603","YAGEO","CC0603KRX7R9BB104","669-8767","",""
"C20","1","C0402/0603/0805","100nF","0603","YAGEO","CC0603KRX7R9BB104","669-8767","",""
"C26","1","C_TAN-A","4.7uF","DSC","","","","",""
"C17","1","C_TAN-A","10uF","DSC","AVX","TAJA106K016R","699-2848","",""
"C25","1","C_TAN-A","[N/A]","DSC","YAGEO","CC1206KKX7R7BB225","669-8454","",""
"C22","1","C_TAN-A","[N/A]","DSC","YAGEO","CC1206KKX7R7BB225","669-8454","",""
"C16","1","C_TAN-B","10uF(25V)","DSC","AVX","TAJB106K025R","","",""
"D1","1","D1","BAT60JFILM","DSC","ST","BAT60JFILM","714-6879","",""
"D2","1","D1","BAT60JFILM","DSC","ST","BAT60JFILM","714-6879","",""
"D3","1","D1","BAT60JFILM","DSC","ST","BAT60JFILM","714-6879","",""
"D4","1","D4","STPS2L30A","DSC","ST","STPS2L30A","249-202","",""
"CN8","1","Header 6X1_Female","Header 6X1_Female","DSCV","Samtec","SSW-106-02-G-S","765-5672","","CN8"
"CN4","1","header_female_2.54mm_6x1","Header 6X1","CN4","Samtec","SSW-106-02-G-S","765-5672","","CN4"
"CN6","1","header_female_2.54mm_8x1","Header 8X1_Female","DSCV","Samtec","SSQ-108-01-G-S","765-5515","","CN6"
"CN9","1","header_female_2.54mm_8x1","Header 8X1_Female","DSCV","Samtec","SSQ-108-01-G-S","765-5515","","CN6"
"CN5","1","header_female_2.54mm_10x1","Header 10X1_Female","DSCV","Samtec","SSW-110-02-G-S","765-5745","","HEADER 10X1_FEMALE"
"CN2","1","header_M20-9990446","Header 4","CN2","HARWIN","M20-9990446","681-2988","",""
"JP6","1","header_male_2.54mm_1x2","","DIL","Molex","22-28-4023","720-5637","",""
"CN3","1","header_male_2.54mm_1x2","","DIL","Molex","22-28-4023","720-5637","",""
"JP4","1","header_male_2.54mm_1x2","","DIL","[N/A]","[N/A]","[N/A]","",""
"JP1","1","header_male_2.54mm_1x2","","DIL","Molex","22-28-4023","720-5637","",""
"CN11","1","header_male_2.54mm_1x2_L=18.5","","DIL","Lyconn","313140S161185","","",""
"CN12","1","header_male_2.54mm_1x2_L=18.5","","DIL","Lyconn","313140S161185","","",""
"JP5","1","header_male_2.54mm_3x1","","CON3_1X3_P100UM_HDR","Tyco Electronics Amp","826629-3","6695253","","3w Single row Straight header gold"
"L1","1","L","0.5R","DIL","Tai-tech","FCM1608KF-601T05","","","L"
"LD2","1","LD","Green","DIL","OSRAM Opto Semiconductors","LG L29K-F2J1-24","654-4304","","LD"
"LD3","1","LD","Red","DIL","OSRAM Opto Semiconductors","LS L29K-G1J2-1","654-5183","","LD"
"LD1","1","LD1","LD_BICOLOR_CMS","DSCV","Avago Technologies","HSMF-A203-A00J1","496-6516","","LD1"
"U3","1","LD1117S50TR","","DSCV","ST","LD1117S50TR","686-9379","","LD1117S50TR"
"U1","1","LD3985M33R","","DSCV","ST","LD3985M33R","686-8802","","LD3985M33R"
"U4","1","LD39050PU33R","","DSCV","ST","LD39050PU33R","","","LD39050PU33R"
"T1","1","MMBT9013L/G","","SOT-23","unisonic","MMBT9013L/G","","",""
"CN7","1","pin_header_male_19x2","Header 19X2 (313238S161185)","DSCV","Lyconn","313238S161185","","","CN7"
"CN10","1","pin_header_male_19x2","Header 19X2 (313238S161185)","DSCV","Lyconn","313238S161185","","","CN7"
"R34","1","R0402/0603/0805","0R","0603","YAGEO","RC0603JR-070RL","651-5918","",""
"R36","1","R0402/0603/0805","0R","0603","YAGEO","RC0603JR-070RL","651-5918","",""
"R37","1","R0402/0603/0805","0R","0603","YAGEO","RC0603JR-070RL","651-5918","",""
"R35","1","R0402/0603/0805","0R","0603","YAGEO","RC0603JR-070RL","651-5918","",""
"R19","1","R0402/0603/0805","0R","0603","YAGEO","RC0603JR-070RL","651-5918","",""
"R26","1","R0402/0603/0805","0R","0603","YAGEO","RC0603JR-070RL","651-5918","",""
"R17","1","R0402/0603/0805","0R","0603","YAGEO","RC0603JR-070RL","651-5918","",""
"R18","1","R0402/0603/0805","0R","0603","YAGEO","RC0603JR-070RL","651-5918","",""
"R32","1","R0402/0603/0805","1k","0603","YAGEO","RC0603FR-071KL","504-8928","",""
"R16","1","R0402/0603/0805","1K5","0603","TE Connectivity","CRG0603F1K5","213-2294","",""
"R7","1","R0402/0603/0805","2k7","0603","YAGEO","RC0603FR-072K7L","505-0842","",""
"R30","1","R0402/0603/0805","4K7","0603","YAGEO","RC0603FR-074K7L","504-7357","",""
"R28","1","R0402/0603/0805","4k7","0603","YAGEO","RC0603FR-074K7L","504-7357","",""
"R23","1","R0402/0603/0805","4k7","0603","YAGEO","RC0603FR-074K7L","504-7357","",""
"R27","1","R0402/0603/0805","4k7","0603","YAGEO","RC0603FR-074K7L","504-7357","",""
"R33","1","R0402/0603/0805","10K","0603","YAGEO","232 270211103","461-3830","",""
"R1","1","R0402/0603/0805","10K","0603","YAGEO","232 270211103","461-3830","",""
"R2","1","R0402/0603/0805","10k","0603","","","","",""
"R3","1","R0402/0603/0805","10k","0603","YAGEO","232 270211103","461-3830","",""
"R12","1","R0402/0603/0805","10k","0603","YAGEO","232 270211103","461-3830","",""
"R5","1","R0402/0603/0805","22R","0603","Panasonic","ERJ3EKF22R0V","808-5756","",""
"R8","1","R0402/0603/0805","22R","0603","Panasonic","ERJ3EKF22R0V","808-5756","",""
"R13","1","R0402/0603/0805","22R","0603","Panasonic","ERJ3EKF22R0V","808-5756","",""
"R22","1","R0402/0603/0805","22R","0603","Panasonic","ERJ3EKF22R0V","808-5756","",""
"R10","1","R0402/0603/0805","36K","0603","YAGEO","RC0603FR-0736KL","504-6742","",""
"R14","1","R0402/0603/0805","100K","0603","YAGEO","RC0603FR-07100KL","504-8940","",""
"R4","1","R0402/0603/0805","100K","0603","YAGEO","RC0603FR-07100KL","504-8940","",""
"R6","1","R0402/0603/0805","100K","0603","YAGEO","RC0603FR-07100KL","504-8940","",""
"R15","1","R0402/0603/0805","100K","0603","YAGEO","RC0603FR-07100KL","504-8940","",""
"R29","1","R0402/0603/0805","100R","0603","YAGEO","RC0603FR-07100RL","504-8912","",""
"R9","1","R0402/0603/0805","100R","0603","YAGEO","RC0603FR-07100RL","504-8912","",""
"R21","1","R0402/0603/0805","100R","0603","YAGEO","RC0603FR-07100RL","504-8912","",""
"R20","1","R0402/0603/0805","100R","0603","YAGEO","RC0603FR-07100RL","504-8912","",""
"R24","1","R0402/0603/0805","100R","0603","YAGEO","RC0603FR-07100RL","504-8912","",""
"R25","1","R0402/0603/0805","100R","0603","YAGEO","RC0603FR-07100RL","504-8912","",""
"R11","1","R0402/0603/0805","100R","0603","YAGEO","RC0603FR-07100RL","504-8912","",""
"R31","1","R0402/0603/0805","510R","0603","YAGEO","RC0603FR-07510RL","504-7571","",""
"SB17","1","SB","","DIL","YAGEO","RC0603JR-070RL","651-5918","","SB"
"SB38","1","SB","","DIL","YAGEO","RC0603JR-070RL","651-5918","","SB"
"SB33","1","SB","","DIL","","","","","SB"
"SB32","1","SB","","DIL","YAGEO","RC0603JR-070RL","651-5918","","SB"
"SB59","1","SB","","DIL","","","","","SB"
"SB58","1","SB","","DIL","YAGEO","RC0603JR-070RL","651-5918","","SB"
"SB53","1","SB","","DIL","","","","","SB"
"SB31","1","SB","","DIL","","","","","SB"
"SB30","1","SB","","DIL","YAGEO","RC0603JR-070RL","651-5918","","SB"
"SB43","1","SB","","DIL","","","","","SB"
"SB47","1","SB","","DIL","YAGEO","RC0603JR-070RL","651-5918","","SB"
"SB57","1","SB","","DIL","YAGEO","RC0603JR-070RL","651-5918","","SB"
"SB45","1","SB","","DIL","YAGEO","RC0603JR-070RL","651-5918","","SB"
"SB50","1","SB","","DIL","YAGEO","RC0603JR-070RL","651-5918","","SB"
"SB61","1","SB","","DIL","","","","","SB"
"SB62","1","SB","","DIL","","","","","SB"
"SB63","1","SB","","DIL","","","","","SB"
"SB64","1","SB","","DIL","YAGEO","RC0603JR-070RL","651-5918","","SB"
"SB65","1","SB","","DIL","","","","","SB"
"SB34","1","SB","","DIL","","","","","SB"
"SB37","1","SB","","DIL","YAGEO","RC0603JR-070RL","651-5918","","SB"
"SB27","1","SB","","DIL","YAGEO","RC0603JR-070RL","651-5918","","SB"
"SB26","1","SB","","DIL","","","","","SB"
"SB23","1","SB","","DIL","YAGEO","RC0603JR-070RL","651-5918","","SB"
"SB22","1","SB","","DIL","","","","","SB"
"SB19","1","SB","","DIL","YAGEO","RC0603JR-070RL","651-5918","","SB"
"SB18","1","SB","","DIL","","","","","SB"
"SB60","1","SB","","DIL","YAGEO","RC0603JR-070RL","651-5918","","SB"
"SB15","1","SB","","DIL","YAGEO","RC0603JR-070RL","651-5918","","SB"
"SB12","1","SB","","DIL","YAGEO","RC0603JR-070RL","651-5918","","SB"
"SB3","1","SB","","DIL","YAGEO","RC0603JR-070RL","651-5918","","SB"
"SB5","1","SB","","DIL","YAGEO","RC0603JR-070RL","651-5918","","SB"
"SB7","1","SB","","DIL","YAGEO","RC0603JR-070RL","651-5918","","SB"
"SB9","1","SB","","DIL","YAGEO","RC0603JR-070RL","651-5918","","SB"
"SB4","1","SB","","DIL","","","","","SB"
"SB6","1","SB","","DIL","","","","","SB"
"SB8","1","SB","","DIL","","","","","SB"
"SB10","1","SB","","DIL","","","","","SB"
"SB1","1","SB","","DIL","","","","","SB"
"SB2","1","SB","","DIL","YAGEO","RC0603JR-070RL","651-5918","","SB"
"SB11","1","SB","","DIL","","","","","SB"
"SB13","1","SB","","DIL","YAGEO","RC0603JR-070RL","651-5918","","SB"
"SB14","1","SB","","DIL","YAGEO","RC0603JR-070RL","651-5918","","SB"
"SB16","1","SB","","DIL","YAGEO","RC0603JR-070RL","651-5918","","SB"
"SB49","1","SB","","DIL","","","","","SB"
"SB48","1","SB","","DIL","","","","","SB"
"SB55","1","SB","","DIL","","","","","SB"
"SB54","1","SB","","DIL","YAGEO","RC0603JR-070RL","651-5918","","SB"
"SB56","1","SB","","DIL","YAGEO","RC0603JR-070RL","651-5918","","SB"
"SB51","1","SB","","DIL","YAGEO","RC0603JR-070RL","651-5918","","SB"
"SB52","1","SB","","DIL","","","","","SB"
"SB46","1","SB","","DIL","","","","","SB"
"SB25","1","SB","","DIL","YAGEO","RC0603JR-070RL","651-5918","","SB"
"SB36","1","SB","","DIL","","","","","SB"
"SB28","1","SB","","DIL","YAGEO","RC0603JR-070RL","651-5918","","SB"
"SB39","1","SB","","DIL","","","","","SB"
"SB35","1","SB","","DIL","YAGEO","RC0603JR-070RL","651-5918","","SB"
"SB44","1","SB","","DIL","","","","","SB"
"SB42","1","SB","","DIL","YAGEO","RC0603JR-070RL","651-5918","","SB"
"SB41","1","SB","","DIL","YAGEO","RC0603JR-070RL","651-5918","","SB"
"SB40","1","SB","","DIL","YAGEO","RC0603JR-070RL","651-5918","","SB"
"SB29","1","SB","","DIL","","","","","SB"
"SB24","1","SB","","DIL","","","","","SB"
"SB20","1","SB","","DIL","","","","","SB"
"SB21","1","SB","","DIL","YAGEO","RC0603JR-070RL","651-5918","","SB"
"U2","1","STM32F103CBT6","","DSCV","ST","STM32F103CBT6","402-273","","STM32F103CBT6"
"U5","1","STM32F411RET6","","DSCV","ST","STM32F411RET6","","","LQFP_64"
"T2","1","STS7PF30L","","SO-8-L","STMicroelectronics","STS7PF30L","4858421","","P-channel MOSFET,STS7PF30L SO-8"
"X2","1","X2","","X2","jfvny","ETMB32.768B125B","","","crystal,32.768K,12.5PF,20PPM,-20~70,SM308"
"X1","1","XTAL1*","8MHz(12pF)","DSC","HongKongCrystal","9SL8000012AFXHF0-SJ28","","","crystal,8MHz(12pF)"
"X3","1","XTAL1*","8MHz(16pF)[N/A]","DSC","","","","","crystal,8MHz(12pF)"
